contig,model,ap5
NC_064034.1,control 20k,0.046607887
NC_064041.1,control 20k,0.041865308
NC_064042.1,control 20k,0.050194835
NC_064034.1,joint 20k,0.09612912
NC_064041.1,joint 20k,0.081820535
NC_064042.1,joint 20k,0.096262336
NC_064034.1,control 50k,0.072404916
NC_064041.1,control 50k,0.06765701
NC_064042.1,control 50k,0.08067001
NC_064034.1,joint 50k,0.10816401
NC_064041.1,joint 50k,0.094356448
NC_064042.1,joint 50k,0.107035054
NC_064034.1,EXP047-B,0.1036025
NC_064041.1,EXP047-B,0.096008027
NC_064042.1,EXP047-B,0.111698221
